<?xml version="1.0" encoding="utf-8"?>
<!DOCTYPE mapper PUBLIC "-//mybatis.org//DTD Mapper 3.0//EN" "http://mybatis.org/dtd/mybatis-3-mapper.dtd">

<mapper namespace="com.ncs.ivh.flow.test.dao.EventDao">
    <resultMap id="baseMap" type="com.ncs.ivh.flow.test.model.Event">
        <id column="id" property="id" javaType="String"></id>
        <result column="source_id" property="sourceId" javaType="String"></result>
        <result column="time" property="time" javaType="Integer"></result>
        <result column="type" property="type" javaType="String"></result>
        <result column="json_data" property="jsonData" javaType="String"></result>
        <result column="binary_data" property="binaryData" javaType="String"></result>
    </resultMap>
    <select id="findAll" resultMap="baseMap">select * from event</select>

    <insert id="insert" parameterType="Event">
        insert into event (id,source_id,time,type,json_data,binary_data)
        values(#{id},#{sourceId},#{time},#{type},#{jsonData},#{binaryData})
    </insert>

    <select id="findPage" parameterType="Page" resultMap="baseMap">
        select * from event where 1=1
        <if test="queryObject.timefr!=null">
            and time >= #{queryObject.timefr}
        </if>
        <if test="queryObject.timeto!=null">
            and #{queryObject.timeto} >= time
        </if>
        <if test="queryObject.type!=null">
            and type = #{queryObject.type}
        </if>
        <if test="queryObject.sourceId!=null">
            and source_id = #{queryObject.sourceId}
        </if>
        <if test="queryObject.type!=null">
            and type = #{queryObject.type}
        </if>
        order by time desc offset #{pageSize}*(#{pageNumber}-1) rows
        fetch next #{pageSize} rows only
    </select>

    <select id="count" parameterType="Page" resultType="Integer">
        select count(1) from event where 1=1
        <if test="queryObject.timefr!=null">
            and time >= #{queryObject.timefr}
        </if>
        <if test="queryObject.timeto!=null">
            and #{queryObject.timeto} >= time
        </if>
        <if test="queryObject.type!=null">
            and type = #{queryObject.type}
        </if>
        <if test="queryObject.sourceId!=null">
            and source_id = #{queryObject.sourceId}
        </if>
        <if test="queryObject.type!=null">
            and type = #{queryObject.type}
        </if>
    </select>

</mapper>
